<?xml version='1.0' encoding='utf-8'?>
<gameList>
  <game>
    <path>./nKaruga.sh</path>
    <name>nKaruga</name>
    <desc>nKaruga is a demake of the popular bullet heck game Ikaruga, released in 2002 for Dreamcast and 2003 for Gamecube. Ikaruga is a vertical shoot ’em up that features an unique polarity-switching gameplay. Switch the ship’s polarity and “get hit and absorb” enemy bullets! Achieve High Score with the chain bonus! nKaruga originated on the TI-Nspire calculator series as a C++ game by developer matrefeytontias. The PC version can be found at gamejolt.</desc>
    <releasedate>20220226T000000</releasedate>
    <developer>Mattias Refeyton</developer>
    <publisher>Mattias Refeyton</publisher>
    <genre>Shooter</genre>
    <players>1</players>
    <image>./nkaruga/cover.png</image>
  </game>
</gameList>
