<?xml version='1.0' encoding='utf-8'?>
<gameList>
  <game>
    <path>./Dinothawr.sh</path>
    <name>Dinothawr</name>
    <desc>The goal of the game is to save your frozen friends by pushing them onto lava so they can thaw. It mixes gameplay mechanics from Kickle Cubicle and Sokoban with some lovely ambient homegrown music.</desc>
    <releasedate>20140103T000000</releasedate>
    <developer>Libretro</developer>
    <publisher>Libretro</publisher>
    <genre>Puzzle</genre>
    <players>1</players>
    <image>./dinothawr/cover.png</image>
  </game>
</gameList>
