<?xml version='1.0' encoding='utf-8'?>
<gameList>
  <game>
    <path>./Shipwreck.sh</path>
    <name>Shipwreck</name>
    <desc>Shipwreck is a top down adventure game in which you must travel the land, explore dungeons, and defeat monsters to earn safe passage off the island on which you are stranded.</desc>
    <image>./shipwreck/cover.png</image>
    <releasedate>20140225T000000</releasedate>
    <developer>Brushfire Games</developer>
    <publisher>Brushfire Games</publisher>
  </game>
</gameList>
