<?xml version='1.0' encoding='utf-8'?>
<gameList>
  <game>
    <path>./DiverDown.sh</path>
    <name>Diver Down</name>
    <desc>Diver Down is a stealth-platformer made for the Godot Wild Jam #2, where the theme was "Hidden within". Avoid the lights on 20 different stages using your mysterious Diver Down ability, that allows you to dive onto solids!</desc>
    <image>./diverdown/cover.png</image>
    <releasedate>20180325T000000</releasedate>
    <developer>Escada-Games</developer>
    <publisher>Escada-Games</publisher>
    <genre>Action-Platform</genre>
  </game>
</gameList>
