<?xml version="1.0" encoding="utf-8"?>
<gameList>
  <game>
    <path>./Spell Tower.sh</path>
    <name>Spell Tower</name>
    <desc>Spell Tower is a first person dungeon crawler and deckbuilder hybrid with the usual assortment of interesting card interactions, broken combos and cards with uses you might not have thought of at first.</desc>
    <releasedate>20240401T000000</releasedate>
    <developer>youdoyoubuddy</developer>
    <publisher>youdoyoubuddy</publisher>
    <genre>rpg</genre>
    <image>./spelltower/screenshot.jpg</image>
  </game>
</gameList>
