<?xml version='1.0' encoding='utf-8'?>
<gameList>
  <game>
    <path>./F-Zero Pocket.sh</path>
    <name>F-Zero Pocket</name>
    <desc>Select one of the 30 most skillful drivers of all-time and boost your way to the top in "F-Zero Pocket", a racing fan-game made as a tribute to both the GameBoy Color and the F-Zero series.</desc>
    <image>./f-zeropocket/cover.png</image>
    <releasedate>20200901T000000</releasedate>
    <developer>Linky439</developer>
    <publisher>Linky439</publisher>
    <genre>Racing</genre>
  </game>
</gameList>
