<?xml version="1.0" encoding="utf-8"?>
<gameList>
  <game>
    <path>./YellowJacket.sh</path>
    <name>Yellow Jacket</name>
    <desc>Y E L L O W - J A C K E T | イエロージャケット (or just yellow jacket) is a vaporwave arcade shoot-em-up about a motorcyclist running from the government in this classic 80s style arcade shmup! Can you get the highest score?</desc>
    <releasedate>20201114T000000</releasedate>
    <developer>Gizmo199</developer>
    <publisher>Gizmo199</publisher>
    <genre>Arcade, Shump</genre>
    <image>./yellowjacket/screenshot.jpg</image>
  </game>
</gameList>
