<?xml version='1.0' encoding='utf-8'?>
<gameList>
  <game>
    <path>./OpenFodder.sh</path>
    <name>Cannon Fodder</name>
    <desc>Guide a team of up to four soldiers through 72 levels of combat in this innovative top-down action/strategy hybrid, best thought of as Lemmings crossed with Commando crossed with Dune 2. The characters are controlled indirectly using the mouse, as you activate each soldier or group of them by highlighting them, click the left button to move them to a particular spot, and the right button for them to fire guns at an enemy. You can also pick up grenades, which can be used to destroy groups of enemies or buildings (by pressing both buttons at once). 

Each mission has a specific objective, and some feature vehicles such as tanks to make things easier. Your troops can cross water but can't shoot within it, so finding and controlling bridges is often crucial. You can use the arrangement of trees to find hiding places to shoot from, and should watch out for CPU soldiers also doing so.</desc>
    <releasedate>19930101T000000</releasedate>
    <developer>Sensible Software</developer>
    <publisher>Virgin</publisher>
    <genre>Strategy</genre>
    <players>1</players>
    <image>./openfodder/cover.png</image>
  </game>
</gameList>
