<?xml version="1.0" encoding="utf-8"?>
<gameList>
  <game>
    <path>./Minetest.sh</path>
    <name>Minetest</name>
    <desc>An open-source voxel sandbox game engine. Lots of free community-made games and mods to download straight from the client. Inspired by InfiniMiner, Minecraft, and the like.</desc>
    <releasedate>20101102T000000</releasedate>
    <developer>Minetest Team</developer>
    <publisher>Open Source</publisher>
    <genre>Sandbox</genre>
    <image>./minetest/cover.png</image>
  </game>
</gameList>