<?xml version='1.0' encoding='utf-8'?>
<gameList>
  <game>
    <path>./Sonic 2.sh</path>
    <name>Sonic The Hedgehog 2</name>
    <desc>Sonic the Hedgehog 2 is a side-scrolling platformer based around speed, and the sequel to Sonic the Hedgehog. Players run through different worlds called "Zones", each with a specific theme. There are two Acts in nearly all of the 10 Zones, and at the end of each Zone's last Act is a machine that Robotnik controls, which you must defeat to progress. Sonic and Tails can collect rings which are scattered throughout all of the levels. When the player collects 100 rings they earn an extra life. The rings also act as protection - if Sonic is hurt when he is carrying rings, they scatter everywhere and he is briefly invincible. If he is hit again when he has no rings, he'll lose a life. If the player reaches a continue point lamppost with 50 or more rings, they'll be able to access the Special Stage. In this stage, you must gather a set amount of rings in a halfpipe-like stage before you reach a checkpoint. Complete all the checkpoints and you'll earn one of the seven Chaos Emeralds. The game also includes the ability to play the game co-op with a friend - at any time, a player can plug in a second controller and take over the AI controlled Tails. Tails has infinite lives and the camera remains focused on Sonic, meaning that Tails will not hinder play. Sonic (and Tails) can now also get speed from a standing start by holding down and repeatedly pressing the jump button for a "Spin Dash". This is useful when stuck near steep slopes or other areas where you need some momentum. The game also features a 2-player versus mode. This mode is a horizontally split-screen race through levels based on three of the zones in the single player game.</desc>
    <image>./sonic2/cover.png</image>
    <releasedate>19920101T000000</releasedate>
    <developer>SEGA</developer>
    <publisher>SEGA</publisher>
    <genre>Action-Platform</genre>
    <players>2</players>
  </game>
</gameList>
