<?xml version="1.0" encoding="utf-8"?>
<gameList>
  <game>
    <path>./Grimstorm.sh</path>
    <name>Grimstorm</name>
    <desc>A place of terror and evil, spreading its foul corruption across the Kingdom. With it's malevolent ruler causing chaos and despair, it's time he met his demise. That's where you come in, heroic adventurer. Blessed with the gift to come back from death, it's up to you to storm the castle!</desc>
    <developer>Nik</developer>
    <publisher>Nik</publisher>
    <genre>Souls-like</genre>
    <image>./grimstorm/screenshot.jpg</image>
  </game>
</gameList>