<?xml version='1.0' encoding='utf-8'?>
<gameList>
  <game>
    <path>./Apoc Runner.sh</path>
    <name>Apoc Runner</name>
    <desc>As the world burns, as the streets crumble, you cling to one thing: survival. An unstoppable alien blight has taken hold of the earth, and there's no fighting it. Escape is the only option. Run, jump and slide your way through urban destruction in this intense platformer!</desc>
    <image>./apocrunner/cover.png</image>
    <releasedate>20200601T000000</releasedate>
    <developer>Omnitron Studios</developer>
    <publisher>Omnitron Studios</publisher>
    <genre>Platform</genre>
  </game>
</gameList>
