<?xml version='1.0' encoding='utf-8'?>
<gameList>
  <game>
    <path>./Freegemas.sh</path>
    <name>Bejeweled</name>
    <desc>The object of the game is to score as many points as possible by swapping adjacent gems to create sets, either horizontal or vertical, of 3 or more identical gems. 
 
You can play Bejeweled in either Normal or Timetrial mode. Switch modes by clicking the appropriate button on the left-hand control bar. You will have to abandon your game in progress to switch game modes.</desc>
    <image>./freegemas/cover.png</image>
    <releasedate>20000101T000000</releasedate>
    <developer>PopCap Games</developer>
    <publisher>PopCap Games</publisher>
    <genre>Puzzle-Game</genre>
  </game>
</gameList>
