<?xml version='1.0' encoding='utf-8'?>
<gameList>
  <game>
    <path>./Space Cadet Pinball.sh</path>
    <name>3D Pinball Space Cadet</name>
    <desc>3D Pinball for Windows: Space Cadet (referred to as 3D Pinball or simply Pinball) is the version of the game bundled with various Microsoft products. It was originally packaged with Microsoft Plus! 95 and later included in Windows NT, Windows Me, Windows 2000 and Windows XP.</desc>
    <image>./spacecadetpinball/cover.png</image>
    <releasedate>19961505T000000</releasedate>
  </game>
</gameList>
