<?xml version='1.0' encoding='utf-8'?>
<gameList>
  <game>
    <path>./UbermoshCollection.sh</path>
    <name>UBERMOSH Collection</name>
    <desc>UBERMOSH is an arcade game about cutting bullets with a sword, in a gun-filled cyberpunk mosh pit." Like a pinball table or a coin-op arcade machine, UBERMOSH was made to give you a shot of adrenaline in a couple of minutes. Each time you play a new level is generated for you to beat your score in 90 seconds.</desc>
    <image>./Uber/cover.png</image>
    <releasedate>20190430T000000</releasedate>
    <developer>Walter Machado</developer>
    <publisher>Walter Machado</publisher>
    <genre>Action</genre>
  </game>
</gameList>
