<?xml version='1.0' encoding='utf-8'?>
<gameList>
  <game>
    <path>./Me and My Shadow.sh</path>
    <name>Me and My Shadow</name>
    <desc>Me and My Shadow is a puzzle/platform game in which you try to reach the exit by solving puzzles. Spikes, moving blocks, fragile blocks and much more stand between you and the exit. Record your moves and let your shadow mimic them to reach blocks you couldn’t reach alone.</desc>
    <image>./meandmyshadow/cover.png</image>
    <releasedate>20120725T000000</releasedate>
    <developer>gordebak</developer>
    <publisher>gordebak</publisher>
    <genre>Platform</genre>
  </game>
</gameList>
