<?xml version='1.0' encoding='utf-8'?>
<gameList>
  <game>
    <path>./SkiFree.sh</path>
    <name>SkiFree</name>
    <desc>Working as a programmer at Microsoft, Chris Pirih created SkiFree. An online classic reload game, was created in October 1991. A game with a very simple objective which is to ski down a seemingly endless slope avoiding the obstacles. No need to download, play SkiFree right here on Classic Reload.</desc>
    <image>./skifree/cover.png</image>
    <releasedate>19910101T000000</releasedate>
    <developer>Chris Pirih</developer>
    <publisher>Chris Pirih</publisher>
  </game>
</gameList>
