<?xml version='1.0' encoding='utf-8'?>
<gameList>
  <game>
    <path>./Quakespasm - Aftershock.sh</path>
    <name>Quakespasm - Aftershock</name>
		<desc>Aftershock for Quake is a commercial add-on for Quake with 4 new episodes developed by HeadGames Publishing, Inc.</desc>
    <image>./quakespasm/as.jpg</image>
		<marquee>./quakespasm/marquee.png</marquee>
		<rating>0.75</rating>
		<releasedate>19961110T000000</releasedate>
		<genre>Shooter / 1st Person</genre>
		<developer>HeadGames Publishing, Inc.</developer>
		<publisher>GT Interactive</publisher>		
  </game>
  <game>
    <path>./Quakespasm - Arcane Dimensions.sh</path>
    <name>Quakespasm - Arcane Dimensions</name>
		<desc>Arcane Dimensions was created by a large community team of level designers, artists and coders over many years and the latest version has finally been released. This mod is all about projectile combat, breakable environments and encouraging all players to become multi dimensional explorers! The mod features 30+ richly detailed and uniquely themed environments to explore and a whole new army of monsters to test your skill and reflexes along the way. The beginning of the mod is full of portals in all directions that are visually themed by what lies beyond their black star veils. There is no fixed order or preferred path to how you explore this mod, the choice is yours.</desc>
    <image>./quakespasm/ad.jpg</image>
		<marquee>./quakespasm/marquee.png</marquee>
		<rating>0.96</rating>
		<releasedate>20201210T000000</releasedate>
		<genre>Shooter / 1st Person</genre>
		<developer>simonoc</developer>
		<publisher>moddb.com</publisher>
  </game>
  <game>
    <path>./Quakespasm - Dimension of the Machine.sh</path>
    <name>Quakespasm - Dimension of the Machine</name>
		<desc>In the deepest depths of the labyrinth lies the core of lava and steel known only as The Machine. Crusade across time and space against the forces of evil to bring together the lost runes, power the dormant machine, and open the portal hiding the greatest threat to all known worlds—destroy it...before it destroys us all.</desc>
    <image>./quakespasm/mg1.jpg</image>
		<marquee>./quakespasm/marquee.png</marquee>
		<rating>0.94</rating>
		<releasedate>20210819T000000</releasedate>
		<genre>Shooter / 1st Person</genre>
		<developer>id Software, Nightdive Studios, MachineGames</developer>
		<publisher>Bethesda Softworks</publisher>
  </game>
  <game>
    <path>./Quakespasm - Dimension of the Past.sh</path>
    <name>Quakespasm - Dimension of the Past</name>
		<desc>Dimension of the Past (called "DOPA" for short) is an add-on episode for Quake developed by MachineGames, to commemorate the game's 20th anniversary.</desc>
    <image>./quakespasm/dopa.jpg</image>
		<marquee>./quakespasm/marquee.png</marquee>
		<rating>0.7</rating>
		<releasedate>20160624T000000</releasedate>
		<genre>Shooter / 1st Person</genre>
		<developer>MachineGames</developer>		
  </game>
  <game>
    <path>./Quakespasm - Dissolution of Eternity.sh</path>
    <name>Quakespasm - Dissolution of Eternity</name>
		<desc>Two new episodes. Sixteen new levels. One way out.</desc>
    <image>./quakespasm/rogue.jpg</image>
		<marquee>./quakespasm/marquee.png</marquee>
		<rating>0.77</rating>
		<releasedate>19970319T000000</releasedate>
		<genre>Shooter / 1st Person</genre>
		<developer>Rogue Entertainment</developer>
		<publisher>Activision, id Software, Valve, Virgin, Pulse</publisher>
  </game>
  <game>
    <path>./Quakespasm - Insomnia.sh</path>
    <name>Quakespasm - Insomnia</name>
		<desc>Large, intricate levels with great gameplay and connectivity, offset with interesting details and clever design. The start map is followed by 2 a2base and a q3gothic map.</desc>
    <image>./quakespasm/insomnia.jpg</image>
		<marquee>./quakespasm/marquee.png</marquee>
		<rating>0.9</rating>
		<releasedate>20000525T000000</releasedate>
		<genre>Shooter / 1st Person</genre>
		<developer>czg</developer>
		<publisher>Quaddicted</publisher>
  </game>
  <game>
    <path>./Quakespasm - Quake.sh</path>
    <name>Quakespasm - Quake</name>
		<desc>Quake is a first-person shooter video game developed by id Software and published by GT Interactive in 1996.</desc>
    <image>./quakespasm/cover.png</image>
		<marquee>./quakespasm/marquee.png</marquee>
		<rating>0.9</rating>
		<releasedate>19960622T000000</releasedate>
		<genre>Shooter / 1st Person</genre>
		<developer>id Software</developer>
		<publisher>GT Interactive</publisher>
  </game>
  <game>
    <path>./Quakespasm - QZone.sh</path>
		<name>Quakespasm - Q!Zone</name>
		<desc>The Quake death squads are back for more bloody battle. This time they won't stop until total victory or total annihilation. Earth's counter offense calls on its best man (you) to wipe out the leader of the Quake dominion.</desc>
    <image>./quakespasm/qzone.jpg</image>
		<marquee>./quakespasm/marquee.png</marquee>
		<rating>0.76</rating>
		<releasedate>1996</releasedate>
		<genre>Shooter / 1st Person</genre>
		<developer>WizardWorks Group, Inc.</developer>
		<publisher>WizardWorks Group, Inc.</publisher>		
  </game>
  <game>
    <path>./Quakespasm - Scourge of Armagon.sh</path>
    <name>Quakespasm - Scourge of Armagon</name>
		<desc>Quake Mission Pack 1: Scourge of Armagon is the first official mission pack for Quake</desc>
    <image>./quakespasm/hipnotic.jpg</image>
		<marquee>./quakespasm/marquee.png</marquee>
		<rating>0.86</rating>
		<releasedate>19970305T000000</releasedate>
		<genre>Shooter / 1st Person</genre>
		<developer>Hipnotic Software</developer>
  </game>
</gameList>
