<?xml version='1.0' encoding='utf-8'?>
<gameList>
  <game>
    <path>./Blues Brothers Jukebox Adventure.sh</path>
    <name>The Blues Brothers: Jukebox Adventure</name>
    <desc>Jukebox Adventure is the sequel to The Blues Brothers. Once again, the player has to choose a favourite Blues Brother and take him through different side-scrolling platform levels. He needs to collect records and use them as defence by throwing them towards enemies. There are also power-ups that can be gathered until the jukebox to progress to the next level is found.</desc>
    <releasedate>19930101T000000</releasedate>
    <developer>Titus</developer>
    <publisher>Titus</publisher>
    <genre>Platform / Fighter Scrolling-Platform</genre>
    <players>1-2</players>
    <image>./jukeboxadventure/cover.png</image>
  </game>
</gameList>
