<?xml version='1.0' encoding='utf-8'?>
<gameList>
  <game>
    <path>./Devilutionx.sh</path>
    <name>Diablo + Hellfire</name>
    <desc>Diablo is an action role-playing dungeon crawler video game series developed by Blizzard North and continued by Blizzard Entertainment after the North studio shut down in 2005. The series is made up of four core games: Diablo, Diablo II, Diablo III, and Diablo IV. Expansions include the third-party published Hellfire, which follows the first game; Lord of Destruction, published by Blizzard and released after the second game; and Reaper of Souls, which follows the third game. Additional content is provided through story elements explored in other media forms.</desc>
    <image>./devilution/cover.png</image>
    <releasedate>19970103T000000</releasedate>
    <developer>Blizzard Entertainment</developer>
    <publisher>Blizzard Entertainment</publisher>
  </game>
</gameList>
