<?xml version='1.0' encoding='utf-8'?>
<gameList>
  <game>
    <path>./Hex-A-Hop.sh</path>
    <name>Hex-A-Hop</name>
    <desc>Hex-a-hop is a hexagonal tiles based puzzle game written by Tom Beaumont. The player controls a girl, who has to destroy all green tiles by jumping on them. In addition to the green tiles there are plenty of other kind of tiles with varying functionality gradually introduced.</desc>
    <image>./hex-a-hop/cover.png</image>
    <releasedate>20090511T000000</releasedate>
    <developer>Tom Beaumont</developer>
  </game>
</gameList>
