<?xml version="1.0" encoding="utf-8"?>
<gameList>
  <game>
    <path>./Plumbers Don't Wear Ties.sh</path>
    <name>Plumbers Don't Wear Ties</name>
    <desc>Plumbers Don't Wear Ties is an adult-oriented "romantic comedy" visual novel/dating sim developed by United Pixtures and published by Kirin Entertainment for the 3DO Interactive Multiplayer. Although the game did have a Microsoft Windows version, it had very limited distribution and was published by United Pixtures itself. The game stars Edward J. Foster and Jeanne Basone as John and Jane, respectively; two people who are being pressured by their respective parents to go out and find a spouse. The player's task is to get John and Jane together.</desc>
    <releasedate>19940930T000000</releasedate>
    <developer>United Pixtures</developer>
    <publisher>United Pixtures</publisher>
    <genre>Visual Novel</genre>
    <image>./plumberssdl/cover.png</image>
  </game>
</gameList>