<?xml version="1.0" encoding="utf-8"?>
<gameList>
  <game>
    <path>./Two Die.sh</path>
    <name>Two Die</name>
    <desc>Two Die is a turn-based, tactical, roguelike RPG where every action is determined by the roll of two six sided dice. Battle enemies to upgrade your character and discover what hides in your lost memories.</desc>
    <releasedate>20210106T000000</releasedate>
    <developer>Jon Lamont, Jon Braun</developer>
    <publisher>Jon Lamont, Jon Braun</publisher>
    <genre>RPG</genre>
    <image>./twodie/screenshot.jpg</image>
  </game>
</gameList>