<?xml version="1.0" encoding="utf-8"?>
<gameList>
  <game>
    <path>./Tricky Keys 2.sh</path>
    <name>Tricky Keys 2</name>
    <desc>Replay and reestablish your connection to the world of Tricky Keys in this old-school puzzle platforming adventure!

Equip your AI assistant with the right combination of instructions and collaborate to solve each level, avoiding the hazards along the way.</desc>
    <releasedate>20220815T000000</releasedate>
    <developer>Team Bugulon</developer>
    <publisher>Team Bugulon</publisher>
    <genre>Platformer</genre>
    <image>./trickykeys2/cover.png</image>
  </game>
</gameList>