<?xml version='1.0' encoding='utf-8'?>
<gameList>
  <game>
    <path>./Cybarian.sh</path>
    <name>Cybarian: The Time Travelling Warrior</name>
    <desc>Cybarian The Time Travelling Warrior is a classically inspired arcade action game, with a mixture of modern and retro gaming tropes.</desc>
    <image>./cybarian/cover.png</image>
    <releasedate>20181109T000000</releasedate>
    <developer>Ritual Games</developer>
    <publisher>GrabTheGames</publisher>
    <genre>Platform</genre>
  </game>
</gameList>
