<?xml version='1.0' encoding='utf-8'?>
<gameList>
  <game>
    <path>./Spelunky.sh</path>
    <name>Spelunky</name>
    <desc>Spelunky is a platform game about an explorer who discovers a cave in the desert and ventures inside to loot for treasure, reminiscent of Rick Dangerous and La•Mulana. The game consists of sixteen levels, but for each playthrough the entire level layout (general structure, enemies, traps, items) is completely randomized, making it an entirely new game each time. There are also some fixed parameters, such as certain sets of enemies and level themes that are introduced only from a specific level. The game features four separate "areas", each of which contains four levels and is set in a different environment and has different enemies.  
 
The main goal is to finish the sixteen levels by locating the exits, but players are encouraged to collect jewels and other types of treasure. The main character can move around, run, jump, hang off ledges and attack enemies with his whip (jumping on top off them works as well). He begins with four "hearts" (health) and when these are used up, the entire game needs to be replayed. The explorer also suffers falling damage when the distance is too high. The other basic equipment includes a rope to climb up and a number of bombs. The latter is not only used to dispose of enemies such as spiders, bats, snakes, cavemen and the undead, but also to blast through certain parts of the level. They can be used to create a path and often expose treasure hidden in the ground and walls.</desc>
    <releasedate>20090901T000000</releasedate>
    <developer>Mossmouth</developer>
    <publisher>Mossmouth</publisher>
    <genre>Action-Platform</genre>
    <image>./spelunky/cover.png</image>
  </game>
</gameList>
