<?xml version='1.0' encoding='utf-8'?>
<gameList>
  <game>
    <path>./Freesynd.sh</path>
    <name>Syndicate</name>
    <desc>Syndicate is an isometric real-time tactical and strategic game from Bullfrog Productions created in 1993, and released for a variety of platforms beginning with the PC and Commodore Amiga. It is the first title in the Syndicate series. Set in a dystopian future in which corporations have replaced governments, Syndicate puts the player in control of a corporation vying for global dominance.</desc>
    <image>./freesynd/cover.png</image>
    <releasedate>19930606T000000</releasedate>
    <developer>Bullfrog Productions</developer>
    <publisher>Electronic Arts</publisher>
  </game>
</gameList>
