<?xml version="1.0" encoding="utf-8"?>
<gameList>
  <game>
    <path>./Lab Remnants.sh</path>
    <name>Lab Remnants</name>
    <desc>Lab Remnants is a monochromatic roguelike full of secrets and challenges. Play as an artificially made creature and make your way through your own creators to escape from their crazy experiments.

Explore dungeons, labs, forests, and many other locations to collect as many coins and power-ups as you can.

Unlock new characters and upgrade them to defeat even the strongest of bosses.</desc>
    <releasedate>20220415T000000</releasedate>
    <developer>kurigamedev</developer>
    <publisher>kurigamedev</publisher>
    <genre>Roguelike</genre>
    <image>./labremnants/cover.png</image>
  </game>
</gameList>