<?xml version='1.0' encoding='utf-8'?>
<gameList>
  <game>
    <path>./Blastius.sh</path>
    <name>Blastius</name>
    <desc>Blastius is a simple old-school space shooter with a twist: your ship's piloting system has been heavily damaged during a battle and now you can only move by boosting and "drifting" around. The result of this is a dash that can be both an offensive and a defensive manoeuvre.</desc>
    <releasedate>20200720T000000</releasedate>
    <developer>SteDL89</developer>
    <publisher>SteDL89</publisher>
    <genre>Arcade</genre>
    <image>./blastius/cover.png</image>
  </game>
</gameList>
