<?xml version="1.0" encoding="utf-8"?>
<gameList>
  <game>
    <path>./Mr. Rescue.sh</path>
    <name>Mr. Rescue</name>
    <desc>Mr. Rescue is an arcade-style 2D action game centered around evacuating civilians from burning buildings.

The game features fast paced fire extinguishing action, intense boss battles, a catchy soundtrack and lots of throwing people around in pseudo-randomly generated buildings.</desc>
    <releasedate>20131201T000000</releasedate>
    <developer>Tangram Games</developer>
    <publisher>Tangram Games</publisher>
    <genre>Platformer, Retro, Action</genre>
    <image>./mrrescue/cover.png</image>
  </game>
</gameList>