<?xml version='1.0' encoding='utf-8'?>
<gameList>
  <game>
    <path>./Maximilien Adventure.sh</path>
    <name>Maximilien Adventure</name>
    <desc>Maximilien, a young adventure, survive a terrible plane crash. With the help of some locals, he will needs to get through the jungle and find his brother and sister.</desc>
    <image>./maximilien_adventure/cover.png</image>
    <releasedate>20200410T000000</releasedate>
    <developer>Levrault</developer>
    <publisher>Levrault</publisher>
    <genre>Platform</genre>
  </game>
</gameList>
