<?xml version="1.0" encoding="utf-8"?>
<gameList>
  <game>
    <path>./Alien Blaster.sh</path>
    <name>Alien Blaster</name>
    <desc>Alien Blaster is a classic 2D shoot 'em up featuring lots of different weapons, special items, aliens to blast and a big bad boss. Your mission is simple: Stop the invasion of the aliens and blast them!</desc>
    <image>./alienblaster/screenshot.jpg</image>
    <releasedate>20040101T000000</releasedate>
    <developer>author</developer>
    <publisher>self-published</publisher>
    <genre>Action</genre>
  </game>
</gameList>