<?xml version='1.0' encoding='utf-8'?>
<gameList>
  <game>
    <path>./Tiny Crate.sh</path>
    <name>Tiny Crate</name>
    <desc>Tiny Crate is a cute little precision platformer with puzzle elements! Lift and toss crates to traverse over spike pits and reach higher ground! Weigh down buttons to create platforms and solve the puzzle! Push yourself and make tight jumps! You got this!</desc>
    <image>./tiny-crate/cover.png</image>
    <releasedate>20210926T000000</releasedate>
    <developer>Harmony Honey</developer>
    <publisher>Harmony Honey</publisher>
    <genre>Action-Platform</genre>
  </game>
</gameList>
