<?xml version='1.0' encoding='utf-8'?>
<gameList>
  <game>
    <path>./SuperDrome Bugs.sh</path>
    <name>SuperDrome Bugs</name>
    <desc>Simon Pray ( or S.Pray for friends) it's a pest extinguisher living in Mexico, but for some reason pests are nowhere to be found, and that translates to: no work, which means no money, which means hard life. One day S. Pray receives a call from a luxurious mansion offering him a job. Something doesn't seem right, but Simon doesn't have time to think about it, he needs the money!. Join S.Pray and help him get rid of the pests!</desc>
    <image>./Superdromebugs/cover.png</image>
    <releasedate>20210813T000000</releasedate>
    <developer>Pistacho Duck</developer>
    <publisher>Pistacho Duck</publisher>
    <genre>Action-Platform</genre>
  </game>
</gameList>
