<?xml version="1.0" encoding="utf-8"?>
<gameList>
  <game>
    <path>./Bumpers &amp; Broadswords Tournament.sh</path>
    <name>Bumpers &amp; Broadswords Tournament</name>
    <desc>BUMPERS &amp; BROADSWORDS: TOURNAMENT is a Yu-Gi-Oh!-style tournament-based RPG - explore the open-world-ish city, collect roughly 60 different types of Warriors/Magicians/Beasts/Machines/Etc... to slam against each other and win the Championship!

Each Bumper has its own special effect, so choosing 4 that have a powerful synergy is vital.
Ascend BUMPERCORP's TRIAL TOWER, crushing your foes to win their BUMPERS, and win the TOURNAMENT to discover what waits for you at the very top...</desc>
    <releasedate>20220630T000000</releasedate>
    <developer>Harley Wilson</developer>
    <genre>RPG</genre>
    <image>./bnbtourn/screenshot.png</image>
  </game>
</gameList>