<?xml version='1.0' encoding='utf-8'?>
<gameList>
  <game>
    <path>./Thermomorph.sh</path>
    <name>Thermomorph</name>
    <desc>Your crew is dead. Unidentified creatures stalk the halls of your mining ship. Armed with a motion sensor and a flamethrower, you must survive until the escape pod is repaired.</desc>
    <image>./thermomorph/cover.png</image>
    <releasedate>20180516T000000</releasedate>
    <developer>Varun R.</developer>
    <publisher>Varun R.x</publisher>
    <genre>Puzzle</genre>
  </game>
</gameList>
