<?xml version='1.0' encoding='utf-8'?>
<gameList>
  <game>
    <path>./RVGL.sh</path>
    <releasedate>19990818T000000</releasedate>
    <name>Re-Volt</name>
    <image>./rvgl/cover.png</image>
    <desc>The premise of the game involves racing radio-controlled cars around environments like museums, steamships, construction sites and supermarkets. During a race the cars can collect random weapons to use to displace competitors. Cars and tracks were both unlocked through success in the game's tournament modes.</desc>
  </game>
</gameList>
