<?xml version='1.0' encoding='utf-8'?>
<gameList>
  <game>
    <path>./Rocks n Diamonds.sh</path>
    <name>Rocks 'n' Diamonds</name>
    <releasedate>19981205T000000</releasedate>
    <image>./rocksndiamonds/cover.png</image>
    <desc>Rocks'n'Diamonds is a puzzle video game with elements of Boulder Dash, Supaplex, Emerald Mine, Solomon's Key, and Sokoban clone. It is free software under the GNU GPL-2.0-only license created by Artsoft Entertainment and designed by Holger Schemel.</desc>
  </game>
</gameList>
