<?xml version='1.0' encoding='utf-8'?>
<gameList>
  <game>
    <path>./Marathon.sh</path>
    <name>Marathon</name>
    <desc>Marathon is a first-person shooter video game developed and published by Bungie, and released in December 1994 for the Apple Macintosh. The game takes place several centuries into the future in outer space and sets the player as a security officer attempting to stop an alien invasion aboard a colony ship named the Marathon.</desc>
    <image>./alephone-marathon/cover.png</image>
    <releasedate>19941101T000000</releasedate>
    <developer>Bungie</developer>
    <publisher>Bandai</publisher>
  </game>
</gameList>
