<?xml version="1.0" encoding="utf-8"?>
<gameList>
  <game>
    <path>./You Died But a Necromancer Revived You.sh</path>
    <name>You Died But a Necromancer Revived You</name>
    <desc>You Died ... but a Necromancer revived you! And will keep bringing you back to their crazy tower of death until you reach the top floor and get rid of them, allowing you to finally be free...
Can you stop this madness?
Or will you give up?
Reaching the top is no easy feat!</desc>
    <releasedate>20190419T000000</releasedate>
    <developer>Bolhut games</developer>
    <publisher>Bolhut games</publisher>
    <genre>Arcade</genre>
    <image>./youdiedbanry/cover.png</image>
  </game>
</gameList>