<?xml version="1.0" encoding="utf-8"?>
<gameList>
  <game>
    <path>./Forgodden.sh</path>
    <name>Forgodden</name>
    <desc>Play as an unlikely god seeking to claim their throne in this Titan Souls-like boss battle royal! Summon the power of the elements to take on the legendary elemental gods and seize your throne in this fast-paced action-adventure!</desc>
    <releasedate>20240306T000000</releasedate>
    <developer>Gizmo199</developer>
    <publisher>Gizmo199</publisher>
    <genre>Action</genre>
    <image>./forgodden/cover.png</image>
  </game>
</gameList>