<?xml version='1.0' encoding='utf-8'?>
<gameList>
  <game>
    <path>./Ken's Labyrinth.sh</path>
    <name>Ken's Labyrinth</name>
    <desc>Ken's Labyrinth is about an ordinary man, heavily implied to be Ken Silverman himself, who wakes up one night to discover that his dog has been kidnapped by aliens. He tags along on their ship and ends up on their homeworld, where he must defeat the murderous creatures and rescue his beloved pet.</desc>
    <image>./kenslabyrinth/screenshot.jpg</image>
    <rating>0.72</rating>
    <releasedate>19930101T000000</releasedate>
    <developer>Ken Silverman</developer>
    <publisher>Epic MegaGames</publisher>
    <genre>First Person Shooter</genre>
  </game>
</gameList>
