<?xml version='1.0' encoding='utf-8'?>
<gameList>
  <game>
    <path>./VCMI.sh</path>
    <name>Heroes of Might and Magic III</name>
    <desc>Heroes of Might and Magic III is a turn-based strategy game developed by Jon Van Caneghem through New World Computing originally released for Microsoft Windows by The 3DO Company in 1999. Its ports to several computer and console systems followed in 1999–2000.</desc>
    <image>./vcmi/cover.png</image>
    <releasedate>19991001T000000</releasedate>
    <developer>New World Computing's</developer>
    <publisher>3DO</publisher>
    <genre>Strategy</genre>
    <players>6</players>
  </game>
</gameList>
