<?xml version="1.0" encoding="utf-8"?>
<gameList>
  <game>
    <path>./Tricky Keys.sh</path>
    <name>Tricky Keys</name>
    <desc>Your computer has been infected! Go through level to level platforming and solving puzzles with a Virus looming over your shoulder, restricting your movement and even outright taking control!</desc>
    <releasedate>20200712T000000</releasedate>
    <developer>Team Bugulon</developer>
    <publisher>Team Bugulon</publisher>
    <genre>Platformer</genre>
    <image>./trickykeys/cover.png</image>
  </game>
</gameList>