<?xml version='1.0' encoding='utf-8'?>
<gameList>
  <game>
    <path>./Nebulus.sh</path>
    <name>Nebulus</name>
    <desc>Nebulus is a platform game created by John M. Phillips and published by Hewson Consultants in the late 1980s for home computer systems. International releases and ports were known by various other names: Castelian, Kyorochan Land, Subline, and Tower Toppler.</desc>
    <image>./nebulus/cover.png</image>
    <releasedate>19870101T000000</releasedate>
    <developer>Hewson Consultants, Triffix Entertainment Inc., Bits Studios</developer>
    <publisher>Hewson Consultants, Triffix Entertainment Inc., Bits Studios</publisher>
  </game>
</gameList>
