<?xml version='1.0' encoding='utf-8'?>
<gameList>
  <game>
    <path>./Marathon Infinity.sh</path>
    <name>Marathon: Infinity</name>
    <desc>Marathon Infinity is a first-person shooter video game, the third in the science fiction Marathon Trilogy by Bungie. The game was released on October 15, 1996 and included more levels than its predecessor Marathon 2: Durandal.</desc>
    <releasedate>19961015T000000</releasedate>
    <developer>Bungie</developer>
    <publisher>Bandai</publisher>
    <image>./alephone-marathoninfinity/cover.png</image>
  </game>
</gameList>
