<?xml version="1.0" encoding="utf-8"?>
<gameList>
  <game>
    <path>./Spectral Slash.sh</path>
    <name>Spectral Slash</name>
    <desc>A combat-focused deckbuilder where your weapon deals no damage. Slash enemies to gain energy, use energy to play powerful cards. Add creative modifiers to your cards! Build a  powerful deck! Each loadout has unique playstyle. Try out all 6 loadouts and see which one you like most!</desc>
    <releasedate>20230712T000000</releasedate>
    <developer>abhimonk</developer>
    <publisher>abhimonk</publisher>
    <genre>action</genre>
    <image>./spectralslash/screenshot.png</image>
  </game>
</gameList>