<?xml version='1.0' encoding='utf-8'?>
<gameList>
  <game>
    <path>./Bleed2.sh</path>
    <name>Bleed 2</name>
    <desc>A furiously fun and fast-paced arcade action game, Bleed 2 welcomes back pink-haired heroine Wryn, the world's greatest – and only remaining – hero, as she fights to defend the globe from an invading force of villains. Master the art of air-dodging and bullet-reflecting to stylishly take down a relentless barrage of bad guys and bosses (and naughty kittys!), and make sure Wryn lives up to her title as the Greatest Hero of All Time!</desc>
    <image>./bleed2/cover.png</image>
    <releasedate>20170208T000000</releasedate>
    <developer>BOOTDISK REVOLUTION</developer>
    <publisher>BOOTDISK REVOLUTION</publisher>
    <genre>Platform / Shooter Scrolling-Platform</genre>
    <players>2</players>
  </game>
</gameList>
