<?xml version='1.0' encoding='utf-8'?>
<gameList>
  <game>
    <path>./The Curse of Issyos.sh</path>
    <name>The Curse of Issyos</name>
    <desc>Defkalion was fishing on a quiet blue sea when he heard the voice of the Goddess Athena. Hurry up, she said, the isle of Issyos has been cursed by the Olympus. And so, fearing for his daughter Delia, his only family left, the fisherman sails back to his home, where the adventure is about to begin.</desc>
    <releasedate>20151215T000000</releasedate>
    <developer>Locomalito</developer>
    <publisher>Locomalito</publisher>
    <genre>Platform</genre>
    <players>1</players>
    <image>./thecurseofissyos/cover.png</image>
  </game>
</gameList>
