<?xml version='1.0' encoding='utf-8'?>
<gameList>
  <game>
    <path>./PigeonAscent.sh</path>
    <name>Pigeon Ascent</name>
    <desc> In Pigeon Ascent, take care of your own pigeon as they fight increasingly stronger foes, and then face the legendary Pigeon God at the end... can you keep death far from your bird?</desc>
    <image>./PigeonAscent/cover.png</image>
    <releasedate>20200421T000000</releasedate>
    <developer>Escada Games</developer>
    <publisher>Escada Games</publisher>
    <genre>Adventure</genre>
  </game>
</gameList>
