<?xml version="1.0" encoding="utf-8"?>
<gameList>
  <game>
    <path>./Seven Kingdoms - Ancient Adversaries.sh</path>
    <name>Seven Kingdoms - Ancient Adversaries</name>
    <desc>A long, long time ago, when people lived among gods and monsters, seven kingdoms struggled for rule over the land. Lead one of those civilizations to glory through sophisticated trade, diplomacy, espionage and conquest. Choose from one of seven cultures: Greek, Persian, Viking, Norman, Mayan, Chinese and Japanese and compete for domination.</desc>
    <image>./sevenkingdoms/screenshot.png</image>
    <releasedate>19980608T000000</releasedate>
    <developer> Enlight Software Limited</developer>
    <publisher> Enlight Software Limited</publisher>
    <genre>Strategy</genre>
  </game>
</gameList>