<?xml version="1.0" encoding="utf-8"?>
<gameList>
  <game>
    <path>./Asylum.sh</path>
    <name>Asylum</name>
    <desc>Young Sigmund has a few problems. To help him resolve his mental instability you must enter the surreal world of his inner mind and shut down the malfunctioning brain cells. Guide Sigmund through the Ego, Psyche and Id zones - each one 300 times the size of the screen - to locate the eight renegade neurons, entering them one by one to find and trigger their self-destruct system.</desc>
    <releasedate>19940101T000000</releasedate>
    <developer>Andy Southgate</developer>
    <publisher>Self-Published</publisher>
    <genre>Action</genre>
    <image>./asylum/screenshot.jpg</image>
  </game>
</gameList>
