<?xml version="1.0" encoding="utf-8"?>
<gameList>
  <game>
    <path>./Demonizer.sh</path>
    <name>Demonizer</name>
    <desc>The fantasy bullet battle to end monstergirl genocide! Turn hateful humans into lovable demons in this 90s arcade style shooter, inspired by Raiden Fighters, Strikers 1945, and Battle Garegga.</desc>
    <releasedate>20160902T000000</releasedate>
    <developer>IoriBranford</developer>
    <publisher>IoriBranford</publisher>
    <genre>Arcade, Shump</genre>
    <image>./demonizer/screenshot.jpg</image>
  </game>
</gameList>
