<?xml version="1.0" encoding="utf-8"?>
<gameList>
  <game>
    <path>./Annalynn.sh</path>
    <name>Annalynn</name>
    <desc>Annalynn is a 2D platformer made in the style of arcade games from the early '80s. Collect the coins, grab the bonus foods, and turn the tables with blinding rubies! Think you've got what it takes to go for the high score?</desc>
    <releasedate>20210130T000000</releasedate>
    <developer>Cruise Elroy</developer>
    <publisher>Cruise Elroy</publisher>
    <genre>Arcade</genre>
    <image>./annalynn/cover.png</image>
  </game>
</gameList>