<?xml version='1.0' encoding='utf-8'?>
<gameList>
  <game>
    <path>./Heart Of The Alien Redux.sh</path>
    <name>Heart of the Alien - Redux</name>
    <desc>Heart of the Alien is a cinematic platformer video game. It is a sequel to Another World and continues the story directly from where the original ended. The game switches the player's role from Another World; this time the player takes control of Buddy, the main character's alien ally from the previous game.</desc>
    <releasedate>19940101T000000</releasedate>
    <genre>Adventure</genre>
    <players>1</players>
    <image>./hota/cover.png</image>
  </game>
</gameList>
