<?xml version='1.0' encoding='utf-8'?>
<gameList>
  <game>
    <path>./Mimi's Delivery Dash.sh</path>
    <name>Mimi's Delivery Dash</name>
    <desc>Meet Mimi! A young witch in-training who has just recently decided what her special skill is: delivering mail - by broomstick! The town is a bustling place so she'll need to be on the look out for potential customers, and they always tip well for a speedy delivery. But watch out, Mimi! Angry crows are one thing, but flying a broom around town can be just as dangerous!</desc>
    <image>./mimisdeliverydash/cover.png</image>
    <releasedate>20181412T000000</releasedate>
    <developer>nathan_scott</developer>
    <publisher>nathan_scott</publisher>
    <genre>Arcade</genre>
  </game>
</gameList>
