<?xml version="1.0" encoding="utf-8"?>
<gameList>
  <game>
    <path>./Labyrinth of Legendary Loot.sh</path>
    <name>Labyrinth of Legendary Loot</name>
    <desc>Labyrinth of Legendary Loot is a simple turn-based roguelike dungeon crawler focused on tactical combat. Every room is almost like a puzzle as you try to figure out the best way to defeat all enemies without taking too much damage.</desc>
    <releasedate>20230823T000000</releasedate>
    <developer>dominaxis-games</developer>
    <publisher>dominaxis-games</publisher>
    <genre>rpg</genre>
    <image>./labyrinthoflegendaryloot/cover.png</image>
  </game>
</gameList>