<?xml version='1.0' encoding='utf-8'?>
<gameList>
  <game>
    <path>./Moonlight.sh</path>
    <name>Moonlight Game Streaming</name>
    <desc>Moonlight allows you to play your PC games on almost any device, whether you're in another room or miles away from your gaming rig.</desc>
    <releasedate>20140620T000000</releasedate>
    <developer>Cameron Gutman</developer>
    <publisher>Cameron Gutman</publisher>
    <genre>Service</genre>
    <players>1</players>
    <image>./moonlight/cover.png</image>
  </game>
</gameList>
