<?xml version='1.0' encoding='utf-8'?>
<gameList>
  <game>
    <path>./Puremetal.sh</path>
    <name>Pure Metal - Feature 1</name>
    <desc>Can you save Pure Metal from the clutches of evil? Kill the hoards of enemies and rain righteous fury on the bosses and save the planet!</desc>
    <image>./puremetal/cover.png</image>
    <releasedate>20200610T000000</releasedate>
    <developer>Limpid Liaison</developer>
    <publisher>Limpid</publisher>
    <genre>Shoot'em Up</genre>
  </game>
</gameList>
