<?xml version="1.0" encoding="utf-8"?>
<gameList>
  <game>
    <path>./Stargrove Scramble.sh</path>
    <name>Stargrove Scramble</name>
    <desc>Your son has been taken! Sling your eggs at foes and platform through three unique worlds in search of his captor. Though tread lightly, his henchmen will try to stop you at every turn.</desc>
    <developer>Team Bugulon</developer>
    <publisher>Team Bugulon</publisher>
    <genre>Platformer</genre>
    <image>./stargrovescramble/cover.png</image>
  </game>
</gameList>