<?xml version='1.0' encoding='utf-8'?>
<gameList>
  <game>
    <path>./Farmner.sh</path>
    <name>Farmner</name>
    <desc>Your daughter has gone missing. You have followed footsteps next to a path to what seems to be an abandoned farmland. There are torches still glowing hot, where is everyone? Find your daughter, quickly!</desc>
    <releasedate>20200530T000000</releasedate>
    <developer>jaydensippy</developer>
    <publisher>jaydensippy</publisher>
    <genre>Survival</genre>
    <image>./Farmner/cover.png</image>
  </game>
</gameList>
