<?xml version="1.0" encoding="utf-8"?>
<gameList>
  <game>
    <path>./Secret Tea Garden.sh</path>
    <name>Secret Tea Garden</name>
    <desc>Every customer desires their own blend of tea and it's your job to deliver under a strict time limit, all the while avoiding hazards!</desc>
    <releasedate>20200816T000000</releasedate>
    <developer>Angus Beer</developer>
    <publisher>Angus Beer</publisher>
    <genre>Puzzle</genre>
    <image>./secretteagarden/cover.png</image>
  </game>
</gameList>