<?xml version='1.0' encoding='utf-8'?>
<gameList>
  <game>
    <path>./Neo-Gensokyo.sh</path>
    <name>Neo-Gensokyo Zero</name>
    <desc>Slash and dash through robotic enemies, dodge through danmaku in bullet-time, rack up combos to increase your Power level, pinpoint a boss's openings and dance through their moves to counterattack with perfect timing.</desc>
    <image>./neogensokyo/cover.png</image>
    <releasedate>20200621T000000</releasedate>
    <developer>Firecat1311</developer>
    <publisher>Firecat1311</publisher>
    <genre>Platform</genre>
  </game>
</gameList>
