<?xml version='1.0' encoding='utf-8'?>
<gameList>
  <game>
    <path>./AM2R.sh</path>
    <name>Another Metroid 2 Remake</name>
    <desc>AM2R is an action-adventure game developed by Argentinian programmer Milton Guasti and released on August 6, 2016, Metroid's 30th anniversary. It was originally released for Windows. It is an unofficial remake of the 1991 Game Boy game Metroid II: Return of Samus in the style of Metroid: Zero Mission.</desc>
    <image>./am2r/cover.png</image>
    <releasedate>20160816T000000</releasedate>
  </game>
</gameList>
