<?xml version="1.0" encoding="utf-8"?>
<gameList>
  <game>
    <path>./Endless Dungeon.sh</path>
    <name>Endless Dungeon</name>
    <desc>Endless Dungeon is a top-down 2D dungeon crawler game with a multitude of different enemies to fight, spells to unlock and weapons and armor to find.</desc>
    <releasedate>20230409T000000</releasedate>
    <developer>randomnovice</developer>
    <publisher>randomnovice</publisher>
    <genre>rpg</genre>
    <image>./endlessdungeon/screenshot.jpg</image>
  </game>
</gameList>