<?xml version="1.0" encoding="utf-8"?>
<gameList>
  <game>
    <path>./Cards with Personalities.sh</path>
    <name>Cards with Personalities</name>
    <desc>Single-player deck-building game full of charm! This deck-building game is trying to be accessible for both newcomers and veterans to the genre, with simple controls and clear rules. Still, each turn needs to be thought-out to beat the charming bosses!</desc>
    <releasedate>20221118T000000</releasedate>
    <developer>Sebastian Lind</developer>
    <publisher>Sebastian Lind</publisher>
    <genre>casino/card</genre>
    <image>./cardswithpersonalities/screenshot.png</image>
  </game>
</gameList>