<?xml version="1.0" encoding="utf-8"?>
<gameList>
  <game>
    <path>./SNKRX.sh</path>
    <name>SNKRX</name>
    <desc>SNKRX is an arcade shooter roguelite where you control a snake of heroes that automatically attack nearby enemies. Combine different heroes to unlock class bonuses and create unique builds, and steer your unstoppable party as they ravage through endless waves of enemies.</desc>
    <releasedate>20210517T000000</releasedate>
    <developer>a327ex</developer>
    <publisher>a327ex</publisher>
    <genre>action</genre>
    <image>./snkrx/screenshot.jpg</image>
  </game>
</gameList>