<?xml version='1.0' encoding='utf-8'?>
<gameList>
  <game>
    <path>./Mr. Boom.sh</path>
    <name>Mr. Boom</name>
    <desc>Mr.Boom is a Bomberman clone for the RetroArch platform and was converted from DOS assembly using asm2c. 
Mr.Boom supports up to 8 players and features like netplay, AI bots (new C++ feature), pushing bombs, remote controls and kangaroo riding...</desc>
    <releasedate>19990101T000000</releasedate>
    <developer>Remdy Software</developer>
    <players>1-8</players>
    <image>./mrboom/cover.png</image>
  </game>
</gameList>
