<?xml version='1.0' encoding='utf-8'?>
<gameList>
  <game>
    <path>./Megaman.sh</path>
    <name>Megaman Rock N Roll</name>
    <desc>A mysterious robot force is invading the city and abducting Robot Masters. Protoman and Megaman both succumb to the terror leaving Roll alone and scared. Back at Dr. Light's lab Roll decides to go through the procedure her brother did to become a super fighting robot.</desc>
    <image>./Megaman/cover.png</image>
    <releasedate>20191125T000000</releasedate>
    <developer>Dennis Engelhard</developer>
    <publisher>Dennis Engelhard</publisher>
    <genre>Platform</genre>
  </game>
</gameList>
