<?xml version="1.0" encoding="utf-8"?>
<gameList>
  <game>
    <path>./Red Handsome Hood.sh</path>
    <name>Red Handsome Hood</name>
    <desc>Join Red Handsome Hood on his journey, having only his hood, thong and knuckles, there is nothing that can stop this strong man! Or is there? The path is full of dangerous opponents, but he is just as dangerous!
The charming run of an untold tale, but we are not going to tell it, YOU can tell us what you think the story is about!</desc>
    <releasedate>20210114T000000</releasedate>
    <developer> BolHut</developer>
    <publisher> BolHut</publisher>
    <genre>Arcade</genre>
    <image>./redhandsomehood/cover.png</image>
  </game>
</gameList>