<?xml version='1.0' encoding='utf-8'?>
<gameList>
  <game>
    <path>./Super Mario War.sh</path>
    <name>Super Mario War</name>
    <desc>Super Mario War is an open-source, platform-adventure video game and level editor first released in 2004. It is based upon gameplay elements and audiovisual media that are unofficially cloned from Nintendo's Super Mario series.</desc>
    <image>./smw/cover.png</image>
    <releasedate>20040927T000000</releasedate>
    <developer>72dpiarmy</developer>
    <publisher>72dpiarmy</publisher>
    <genre>Action-Platform</genre>
  </game>
</gameList>
