<?xml version='1.0' encoding='utf-8'?>
<gameList>
  <game>
    <path>./Dungeon Souls.sh</path>
    <name>Dungeon Souls</name>
    <desc>Dungeon Souls is an action-adventure roguelike dungeon crawler which draws heavy inspiration from Nuclear Throne , Risk of Rain, and Overture. Explore vast procedurally generated dungeons, collect loot, and slay hordes of challenging enemies.</desc>
    <releasedate>20161202T000000</releasedate>
    <developer>Lamina Studios</developer>
    <publisher>Lamina Studios</publisher>
    <genre>Adventure-Action</genre>
    <players>1</players>
    <image>./dungeonsouls/cover.png</image>
  </game>
</gameList>
