<?xml version="1.0" encoding="utf-8"?>
<gameList>
  <game>
    <path>./A7Xpg.sh</path>
    <name>A7Xpg</name>
    <desc>The goal of the game is to collect all the gold bullions found in each level and avoid crashing into any of the enemies. As you progress through the levels you will encounter harder enemies, and you can gain a short period of invincibility if you gather gold at high speeds.</desc>
    <image>./a7xpg/screenshot.png</image>
    <developer>Kenta Cho.</developer>
    <genre>Arcade</genre>
  </game>
</gameList>