<?xml version='1.0' encoding='utf-8'?>
<gameList>
  <game>
    <path>./Margot-Beatrice Adventure.sh</path>
    <name>Margot-Beatrice Adventure</name>
    <desc>The courageous princess Margot-Béatrice try to re-take the forest gem but she encounter a terrible (in every way) sorcerer that emprison her in a cristal prison. She now forced to call her animal friends to free her and save the forest.</desc>
    <image>./margot_beatrice_adventure/cover.png</image>
    <releasedate>20220629T000000</releasedate>
    <developer>Levrault</developer>
    <publisher>Levrault</publisher>
    <genre>Platform</genre>
  </game>
</gameList>
