<?xml version='1.0' encoding='utf-8'?>
<gameList>
  <game>
    <path>./Retro Time.sh</path>
    <name>Retro Time</name>
    <desc>Retro Time is a game containing 8 retro based games playable in 3 game modes being Retro Carousel, Time Attack and Lives mode. The game is a port from my competetion entry for Fuze 4 for Nintendo switch, in colleboration Wireframe magazine.</desc>
    <image>./retrotime/cover.png</image>
    <releasedate>20220210T000000</releasedate>
    <developer>joyrider3774</developer>
    <publisher>joyrider3774</publisher>
    <genre>Platform</genre>
  </game>
</gameList>
