<?xml version='1.0' encoding='utf-8'?>
<gameList>
  <game>
    <path>./Doom 3.sh</path>
    <name>Doom 3</name>
    <desc>Doom 3 is set on Mars in 2145, where a military-industrial conglomerate has set up a scientific research facility into fields such as teleportation, biological research, and advanced weapons design. The teleportation experiments open a gateway to Hell, resulting in a catastrophic invasion of the Mars base by demons. The player controls a space marine who fights through the base to stop the demons attacking Mars and reaching Earth. </desc>
    <image>./doom3/cover.png</image>
    <releasedate>20040803T000000</releasedate>
    <developer>id Software</developer>
    <publisher>Activision</publisher>
    <genre>First Person Shooter</genre>
  </game>
</gameList>
