<?xml version="1.0" encoding="utf-8"?>
<gameList>
  <game>
    <path>./Fungus Reaper.sh</path>
    <name>Fungus Reaper</name>
    <desc>An "eerie" turn-based tower defense roguelite! Tons of different mushlings to collect for customizing each run to your playstyle. Turn-based action with a twist! The clock is always ticking ... take too long and the beasts will move before you!</desc>
    <releasedate>20231119T000000</releasedate>
    <developer>Sebastian Lind</developer>
    <publisher>Sebastian Lind</publisher>
    <genre>rpg</genre>
    <image>./fungusreaper/screenshot.png</image>
  </game>
</gameList>