<?xml version='1.0' encoding='utf-8'?>
<gameList>
  <game>
    <path>./Hurrican.sh</path>
    <name>Hurrican</name>
    <desc>Inspired by the epic Turrican game series, Hurrican stays by all means true to the original game while still being highly innovative. 
 
Blast your way through myriads of enemies, explore the secrets of nine massive worlds and collect tons of powerups to increase your firepower in this highly explosive Run and Gun arcade game. 
 
Hurrican is THE ultimate “Turrican Mega-Mix”, taking ideas from several installements of the original franchise while at the same time expanding on it's universe. 
 
Oh, and did we mention the two-player local coop-mode?</desc>
    <releasedate>20070620T000000</releasedate>
    <developer>Poke53280</developer>
    <publisher>Poke53280</publisher>
    <genre>Shooter / Run and Gun-Shooter</genre>
    <players>1-2</players>
    <image>./hurrican/cover.png</image>
  </game>
</gameList>
