<?xml version="1.0" encoding="utf-8"?>
<gameList>
  <game>
    <path>./Bumpers &amp; Broadswords Maximum.sh</path>
    <name>Bumpers &amp; Broadswords Maximum</name>
    <desc>BUMPERS &amp; BROADSWORDS: MAXIMUM is a tower-scaling, BUMPER-collecting RPG, set in a universe where Yu-Gi-Oh! and Beyblade had a wonderful baby and everyone is obsessed with it.

Ascend BUMPERCORP's TRIAL TOWER, crushing your foes to win their BUMPERS, and win the TOURNAMENT to discover what waits for you at the very top...</desc>
    <releasedate>20240306T000000</releasedate>
    <developer>Harley Wilson</developer>
    <genre>RPG</genre>
    <image>./bnbmax/screenshot.png</image>
  </game>
</gameList>