<?xml version="1.0" encoding="utf-8"?>
<gameList>
  <game>
    <path>./Arkovs Tower.sh</path>
    <name>Arkovs Tower</name>
    <desc>This roguelike puts you in the shoes of an unnamed adventurer who just woke up on the top level of Arkov's Tower. Try to fight your way down and escape it - or die trying. Move your player trough numerous procedural generated levels. Fight numerous enemies including some unique bosses. The turn based combat system allows you to take your time and plan every move carefully. Upgrade your character with all sorts of items found in chests or dropped by enemies. This game is highly customizable for people with pixel art and/or programming experience.</desc>
    <releasedate>20240322T000000</releasedate>
    <developer>Saturn91</developer>
    <publisher>DreamStudios</publisher>
    <genre>rpg</genre>
    <image>./arkovstower/cover.png</image>
  </game>
</gameList>