<?xml version='1.0' encoding='utf-8'?>
<gameList>
  <game>
    <path>./King of Machines.sh</path>
    <name>King of Machines</name>
    <desc>King of Machines is a mecha-themed side-scrolling beat 'em up, in a world where powered exo-suits are commonplace, and also the weapon of choice in a violent uprising. Inspired by classic beat 'em ups like TMNT and Armored Warriors, as well as modern character action games.</desc>
    <releasedate>20210302T000000</releasedate>
    <developer>hwilson</developer>
    <publisher>hwilson</publisher>
    <genre>Action</genre>
    <players>1</players>
    <image>./kingofmachines/cover.png</image>
  </game>
</gameList>
