<?xml version="1.0" encoding="utf-8"?>
<gameList>
  <game>
    <path>./Cleaving Caliber.sh</path>
    <name>Cleaving Caliber</name>
    <desc>A Brick-Beaking, Rail-Shooting game trying to be a mixture of Silent Scope and Arkanoid. Get Powerups and use your best mental trigonometry to land Critical Shots!</desc>
    <releasedate>20230322T000000</releasedate>
    <developer>Harley Wilson</developer>
    <genre>Action</genre>
    <image>./cleavingcaliber/screenshot.png</image>
  </game>
</gameList>