<?xml version="1.0" encoding="utf-8"?>
<gameList>
  <game>
    <path>./Forager.sh</path>
    <name>Forager</name>
    <desc>The Legend of Zelda + Terraria + Stardew Valley.
The popular crafting game in which you buy lands to explore and expand, build and defend your base, and craft &amp; collect all the things!</desc>
    <releasedate>20210311T000000</releasedate>
    <developer>HopFrog</developer>
    <publisher>Humble Games</publisher>
    <genre>Adventure</genre>
    <image>./forager/cover.png</image>
  </game>
</gameList>