<?xml version='1.0' encoding='utf-8'?>
<gameList>
  <game>
    <path>./C-Dogs.sh</path>
    <name>Cyberdogs</name>
    <desc>If anyone remembers the top-down shooters Loaded or Chaos Engine, Cyberdogs is the same basic gameplay. You must choose your character and his weapons that you will fight with. In your mission you must destroy the enemy and retrieve the lost items.
</desc>
    <image>./cdogs/cover.png</image>
    <releasedate>19940101T000000</releasedate>
    <developer>Freeware</developer>
    <publisher>Freeware</publisher>
    <genre>Action</genre>
    <players>2</players>
  </game>
</gameList>
