<?xml version='1.0' encoding='utf-8'?>
<gameList>
  <game>
    <path>./Spooky.sh</path>
    <name>Spooky Ghosts Dot Com</name>
    <desc>Spooky Ghosts Dot Com is a small metroidvania about a ghost hunter named Ruby.  One Halloween night a ghost hunting job comes in, but it turns out to not be a regular gig!</desc>
    <image>./Spooky/cover.png</image>
    <releasedate>20180320T000000</releasedate>
    <developer>zertuk</developer>
    <publisher>zertuk</publisher>
    <genre>Platform</genre>
  </game>
</gameList>
