<?xml version="1.0" encoding="utf-8"?>
<gameList>
  <game>
    <path>./Gaurodan.sh</path>
    <name>Gaurodan</name>
    <desc>The legend of Gaurodan, the bird of thunder and his fight against Guayota, the fire beast was forgotten centuries ago. But today, Guayota's egg has been discovered inside Mount Teide. Now it's a matter of time before Gaurodan returns from the skies to combat his ancient enemy and punish humans for bringing it back.</desc>
    <releasedate>20130731T000000</releasedate>
    <developer>Locomalito</developer>
    <publisher>Locomalito</publisher>
    <genre>Arcade, Shump</genre>
    <image>./gaurodan/screenshot.jpg</image>
  </game>
</gameList>
