<?xml version='1.0' encoding='utf-8'?>
<gameList>
  <game>
    <path>./Star vs the Game.sh</path>
    <name>Star vs. the Game</name>
    <desc>Star vs. the Game is a cross between top-down beat-em up action and 2D platforming. Play as both Star and Marco and fight against a threat from beyond reality!</desc>
    <releasedate>20190624T000000</releasedate>
    <developer>Rian</developer>
    <publisher>Rian</publisher>
    <genre>Platform</genre>
    <players>1</players>
    <image>./starvsthegame/cover.png</image>
  </game>
</gameList>
