<?xml version='1.0' encoding='utf-8'?>
<gameList>
  <game>
    <path>./PAUSED.sh</path>
    <name>PAUSED</name>
    <desc>What do ducks have to do with rabbits? Exactly, adventure and physics stuff are what you are looking for. If you don't mind, please pause a minute and enjoy an easy set of puzzles and a relaxing game with (I think) beautiful pixel art environment.</desc>
    <image>./paused/cover.png</image>
    <releasedate>20230424T000000</releasedate>
    <developer>Hamdy Elzanqali</developer>
    <publisher>Hamdy Elzanqali</publisher>
    <genre>Platform</genre>
  </game>
</gameList>
