<?xml version='1.0' encoding='utf-8'?>
<gameList>
  <game>
    <path>./Gumgem.sh</path>
    <name>Gumgem</name>
    <desc>The gummy kingdom is in danger! The evil gummy bear has taken the prince prisoner! Like never before we need a hero who knows how to get the prince out of trouble! You're our only hope! Please, go rescue the prince!</desc>
    <image>./gumgem/cover.png</image>
    <releasedate>20181007T000000</releasedate>
    <developer>DAZEL</developer>
    <publisher>DAZEL</publisher>
    <genre>Platform</genre>
  </game>
</gameList>
