<?xml version='1.0' encoding='utf-8'?>
<gameList>
  <game>
    <path>./Banana Duck.sh</path>
    <name>Banana Duck</name>
    <desc>Banana Duck is an action game that puts you in a relatable challenge. Picture yourself as a banana-craving, non-swimming duck in a fridge full of tomatoes and carrots. Navigate past evil veggies and nonsensical saw blades to relish the pursuit of bananas. Embrace the challenge, enjoy the absurdity, and savor the taste of this unique adventure.</desc>
    <releasedate>20230801T000000</releasedate>
    <developer>Hamdy Elzanqali</developer>
    <publisher>Hamdy Elzanqali</publisher>
    <genre>Action-Platform</genre>
    <image>./bananaduck/cover.png</image>
  </game>
</gameList>
