<?xml version="1.0" encoding="utf-8"?>
<gameList>
  <game>
    <path>./Swapwood Quest R.sh</path>
    <name>Swapwood Quest R</name>
    <desc>Swapwood Quest R is a unique block puzzle game with an RPG twist. Combo your enemies and match enough tiles to protect against opposing blows, but make haste, You only have 10 seconds to prepare before your turn ends!</desc>
    <releasedate>20221003T000000</releasedate>
    <developer>Team Bugulon</developer>
    <publisher>Team Bugulon</publisher>
    <genre>Puzzle</genre>
    <image>./swapwoodquestr/cover.png</image>
  </game>
</gameList>