<?xml version="1.0" encoding="utf-8"?>
<gameList>
  <game>
    <path>./No Transmission.sh</path>
    <name>No Transmission</name>
    <desc>Parasites know  that the best place to infect people is at underground raves.
Don't kill (hang) the DJ or the obliviously high dancing civilians.... unless you have to.
YCJY made this for a Global Game Jam - to experiment with 3d in gamemaker.</desc>
    <releasedate>20180129T000000</releasedate>
    <developer>YCJY</developer>
    <publisher>YCJY</publisher>
    <genre>FPS</genre>
    <image>./notransmission/cover.png</image>
  </game>
</gameList>