<?xml version='1.0' encoding='utf-8'?>
<gameList>
  <game>
    <path>./Sunset Shaped.sh</path>
    <name>Sunset Shaped</name>
    <desc>Venture across a softly-shaded world of platforms and particles. Listen to its whispers and reach the end. sunset-shaped is a tight and responsive platformer with five challenging levels and a calming atmosphere.</desc>
    <releasedate>20210905T000000</releasedate>
    <developer>bucketfish</developer>
    <publisher>bucketfish</publisher>
    <genre>Platform</genre>
    <players>1</players>
    <image>./sunsetshaped/cover.png</image>
  </game>
</gameList>
