<?xml version="1.0" encoding="utf-8"?>
<gameList>
  <game>
    <path>./Putrid Shot Ultra.sh</path>
    <name>Putrid Shot Ultra</name>
    <desc>A chaotic shoot-em-up roguelite with magic spell casting. Defeat enemies with your gun! Stack tons of passive spells that trigger when you shoot while weaving your unique active spell in between. Blast your enemies with gunfire and magic spells while you dodge through the rubble.</desc>
    <releasedate>20221122T000000</releasedate>
    <developer>abhisundu</developer>
    <publisher>abhisundu</publisher>
    <genre>action</genre>
    <image>./putridshotultra/screenshot.jpg</image>
  </game>
</gameList>