<?xml version='1.0' encoding='utf-8'?>
<gameList>
  <game>
    <path>./SRB2.sh</path>
    <name>Sonic Robo Blast 2</name>
    <desc>Sonic Robo Blast 2 is a freeware, non-licensed game set in the universe of SEGA's Sonic the Hedgehog. 
 
The game uses a third-person perspective and a full 3D engine. There are 3 characters to choose from: Sonic, Tails and Knuckles, each with different abilities, and their task is to go through 3 zones (Greenflower, Techno Hill and Castle Eggman), with additional unlockable levels. During the game characters find tokens that take them to special stages to get chaos emeralds or to unlock secrets. The main goal is to stop Eggman's plans for world domination.</desc>
    <releasedate>19980101T000000</releasedate>
    <developer>Sonic Team Junior</developer>
    <publisher>Sonic Team Junior</publisher>
    <genre>Platform</genre>
    <image>./SRB2/cover.png</image>
  </game>
</gameList>
