<?xml version='1.0' encoding='utf-8'?>
<gameList>
  <game>
    <path>./Cosmos Cosmic Adventure.sh</path>
    <name>Cosmo's Cosmic Adventure - Forbidden Planet</name>
    <desc>The storyline is about a little alien boy named "Cosmo". Cosmo's parents are taking him to Walt Disney World for his birthday. A comet hits their ship, forcing them to land on an unknown planet (called Zonk in and repair the ship. Cosmo goes exploring, and when he returns, his parents are missing. Seeing large footprints, Cosmo thinks that his parents have been captured and sets off to rescue them before they are eaten. There are three episodes in the game series in which Cosmo must navigate through 10 alien-themed levels for each episode.</desc>
    <image>./cosmo-engine/cover.png</image>
    <releasedate>19920302T000000</releasedate>
    <developer>Apogee Software</developer>
    <publisher>Apogee Software</publisher>
    <genre>Platform</genre>
  </game>
</gameList>
