<?xml version='1.0' encoding='utf-8'?>
<gameList>
  <game>
    <path>./Donut Dodo.sh</path>
    <name>Donut Dodo</name>
    <desc>Donut Dodo is a light-hearted arcade game, reminiscent of the beloved classics from the early 80's that we still cherish to this very day. You play as Baker Billy Burns, who has to run, jump, and climb to outwit Donut Dodo and his bunch of clueless minions.</desc>
    <releasedate>20220603T000000</releasedate>
    <developer>pixel.games</developer>
    <publisher>pixel.games</publisher>
    <genre>Action-Platform</genre>
    <image>./donutdodo/cover.png</image>
  </game>
</gameList>
