<?xml version="1.0" encoding="utf-8"?>

<gameList>
  <game>
    <path>./Pingo.sh</path>
    <name>Pingo</name>
    <desc>Pingo is a puzzle game in which your goal is to paint the whole level in as little steps as possible. Try to earn all 3 stars in 60 hand crafted levels!
This is a rewrite of the PS Vita game by Grzybojad.
All art was done by Jumbocube.
</desc>
    <releasedate>20191015T000000</releasedate>
    <developer>nkrapivindev</developer>
    <publisher>nkrapivindev</publisher>
    <genre>Puzzle</genre>
    <image>./pingo/cover.png</image>
  </game>
</gameList>
