<?xml version="1.0" encoding="utf-8"?>
<gameList>
  <game>
    <path>./Bugscraper.sh</path>
    <name>Bugscraper</name>
    <desc>Rise to the top of a bug-infested tower by fighting on an elevator. On each floor, waves of enemies will come for your skin (or rather, exoskeleton). With your trusty pea gun, eliminate them and prepare for the next floor!</desc>
    <developer>Yolwoocle</developer>
    <publisher>Yolwoocle</publisher>
    <genre>Action</genre>
    <image>./bugscraper/screenshot.jpg</image>
  </game>
</gameList>