<?xml version="1.0" encoding="utf-8"?>
<gameList>
  <game>
    <path>./Max Downforce.sh</path>
    <name>Max Downforce</name>
    <desc>Max Downforce is an arcade racing game. The goal is to finish each of ten laps before the timer reaches zero. A portion of the seconds remaining upon completing a lap is carried over to the next lap.</desc>
    <releasedate>20200524T000000</releasedate>
    <developer>foppygames</developer>
    <publisher>foppygames</publisher>
    <genre>racing</genre>
    <image>./maxdownforce/screenshot.png</image>
  </game>
</gameList>
