<?xml version='1.0' encoding='utf-8'?>
<gameList>
  <game>
    <path>./Kobo Deluxe.sh</path>
    <name>Kobo Deluxe</name>
    <desc>Kobo Deluxe is an enhanced version of Akira Higuchi's game XKobo for Un*x systems with X11. Kobo Deluxe adds sound, smoother animation, high resolution support, OpenGL acceleration (optional), an intuitive menu driven user interface, joystick support and other features. Recent versions also add a number of alternative skill levels with slightly modernized gameplay.</desc>
    <image>./kobodeluxe/cover.png</image>
    <releasedate>20071227T000000</releasedate>
    <developer>David Olofson</developer>
    <publisher>David Olofson</publisher>
    <genre>Shooter</genre>
  </game>
</gameList>
