<?xml version='1.0' encoding='utf-8'?>
<gameList>
  <game>
    <path>./Blobwars.sh</path>
    <name>Metal Blob Solid - Blob Wars</name>
    <desc>Metal Blob Solid is a 2D platform game, the first in the Blobwars series. You take on the role of a fearless Blob agent, Bob, who's mission is to infiltrate various enemy bases and rescue as many MIAs as possible, while battling many vicious aliens.</desc>
    <releasedate>20150203T000000</releasedate>
    <developer>Gianfilippo Cimmino</developer>
    <publisher>Gianfilippo Cimmino</publisher>
    <genre>Action-Platform</genre>
    <image>./blobwars/cover.png</image>
  </game>
</gameList>
