<?xml version='1.0' encoding='utf-8'?>
<gameList>
  <game>
    <path>./Hawkthorne.sh</path>
    <name>Journey to the Center of Hawkthorne</name>
    <desc>Journey to the Center of Hawkthorne is a fan-made game inspired by the classic Community episode Digital Estate Planning in which the study group finds itself living inside an old-school video game, this independently-produced 2D platformer features Jeff Winger, Britta, Abed, Shirley, Annie, Troy and Pierce as 8-bit gaming characters.</desc>
    <image>./hawkthorne/cover.png</image>
    <releasedate>20120601T000000</releasedate>
    <developer>Independent</developer>
    <publisher>Independent</publisher>
    <genre>Platform</genre>
  </game>
</gameList>
