<?xml version='1.0' encoding='utf-8'?>
<gameList>
  <game>
    <path>./RigelEngine.sh</path>
    <name>Duke Nukem II</name>
    <desc>In the "near future" year 1998, the evil Rigelatins plan to enslave Earth, and they kidnap Duke Nukem (who was performing in an interview about his new autobiography, "Why I'm So Great"), to use his brain to plot the attack for their forces. Duke must break free in order to save the world, once again.</desc>
    <image>./RigelEngine/cover.png</image>
    <releasedate>19931203T000000</releasedate>
    <developer>Apogee Software</developer>
    <publisher>Apogee Software</publisher>
    <genre>Platform</genre>
  </game>
</gameList>
