<?xml version='1.0' encoding='utf-8'?>
<gameList>
  <game>
    <path>./Apricots.sh</path>
    <name>Apricots</name>
    <desc>Apricots has nothing to do with apricots. 
    
    It's a game where you fly a little plane around the screen and shoot things and drop bombs on enemy targets, and it's meant to be quick and fun.</desc>
    <releasedate>19910801T000000</releasedate>
    <developer>Moggers87</developer>
    <publisher>Moggers87</publisher>
    <genre>Arcade</genre>
    <image>./apricots/screenshot.png</image>
  </game>
</gameList>
