<?xml version='1.0' encoding='utf-8'?>
<gameList>
  <game>
    <path>./Boni+.sh</path>
    <name>Boni+</name>
    <desc>Boni the skeleton is traveling across the Mexican "Dia de muertos", however, he needs to go across the spooky Iztepetl cementery. HELP HIM GET HIS SKELETAL BODY TO THE OTHER SIDE!!!</desc>
    <image>./boni/cover.png</image>
    <releasedate>20211019T000000</releasedate>
    <developer>Pistacho Duck</developer>
    <publisher>Pistacho Duck</publisher>
    <genre>Platform</genre>
  </game>
</gameList>
