<?xml version='1.0' encoding='utf-8'?>
<gameList>
  <game>
    <path>./Maldita Castilla.sh</path>
    <name>Maldita Castilla</name>
    <desc>The kingdom of Castile is cursed. Thou hath been sent forth by thy King to learn of the source of this evil and rid the land of it. God be with thee, Don Ramiro! 

Maldita Castilla (Damn Castile) is a side scrolling action game that is, clearly, inspired by such games as Ghosts 'N Goblins, Rygar, Karnov, among others. 

You, as Spanish knight Don Ramiro, must move to the right, killing enemies as you go. Along the way, you encounter treasure chests that will help you. At certain points, you must defeat a boss to advance. You are trying to get through all the bosses to find and defeat the source of all this evil plaguing Castile.</desc>
    <releasedate>20121212T000000</releasedate>
    <developer>Locomalito</developer>
    <publisher>Locomalito</publisher>
    <genre>Action</genre>
    <image>./MalditaCastilla/cover.png</image>
  </game>
</gameList>
