<?xml version="1.0" encoding="utf-8"?>
<gameList>
  <game>
    <path>./Geometry Strike.sh</path>
    <name>Geometry Strike</name>
    <desc>A roguelite about not letting the invaders cross the bottom of the screen! After a set amount of points, your ship levels up and you get to choose a stat change option. Some of them are good, some aren't. Sometimes you'll have to choose the lesser of two evils.</desc>
    <releasedate>20231213T000000</releasedate>
    <developer>profpatonildo</developer>
    <publisher>profpatonildo</publisher>
    <genre>action</genre>
    <image>./geometrystrike/screenshot.jpg</image>
  </game>
</gameList>