<?xml version='1.0' encoding='utf-8'?>
<gameList>
  <game>
    <path>./Meritous.sh</path>
    <name>Meritous</name>
    <desc>Far below the surface of the planet is a secret. A place of limitless power. Those that seek to control such a utopia will soon bring an end to themselves. Seeking an end to the troubles that plague him, PSI user MERIT journeys into the hallowed Orcus Dome in search of answers.</desc>
    <releasedate>20190226T000000</releasedate>
    <developer>Lancer-X/ASCEAI</developer>
    <publisher>ASCEAI</publisher>
    <image>./meritous/cover.png</image>
  </game>
</gameList>
