<?xml version='1.0' encoding='utf-8'?>
<gameList>
  <game>
    <path>./Little Runmo.sh</path>
    <name>Little Runmo</name>
    <desc>Little Runmo - The Game, is a 2D platformer game originating from an animated Youtube film called "Little Runmo" made by the creator Gooseworx. The Story revolves around a fictional videogame character trying to survive with his last life.</desc>
    <releasedate>20230311T000000</releasedate>
    <developer>JuhoSprite</developer>
    <publisher>JuhoSprite</publisher>
    <genre>Platform</genre>
    <players>1</players>
    <image>./littlerunmo/cover.png</image>
  </game>
</gameList>
