<?xml version='1.0' encoding='utf-8'?>
<gameList>
  <game>
    <path>./LBreakoutHD.sh</path>
    <name>LBreakout 2</name>
    <desc>The successor to LBreakout offers you a new challenge in more than 50 levels with loads of new bonuses (goldshower, joker, explosive balls, bonus magnet ...), maluses (chaos, darkness, weak balls, malus magnet ...) and special bricks (growing bricks, explosive bricks, regenerative bricks ...).</desc>
    <releasedate>20151710T000000</releasedate>
    <developer>Michael Speck</developer>
    <publisher>Michael Speck</publisher>
    <genre>Action</genre>
    <players>1</players>
    <image>./lbreakouthd/cover.png</image>
  </game>
</gameList>
