<?xml version="1.0" encoding="utf-8"?>
<gameList>
  <game>
    <path>./LOVE 3.sh</path>
    <name>LOVE 3</name>
    <desc>LOVE 3 is a precision platformer with minimalistic pixel graphics and tight controls. Face challenging obstacles, discover hidden secrets, and place custom checkpoints after you overcome each new danger.</desc>
    <releasedate>20211206T000000</releasedate>
    <developer>Fred Wood</developer>
    <publisher>Retroware</publisher>
    <genre>Platformer</genre>
    <image>./love3/cover.png</image>
  </game>
</gameList>
