<?xml version='1.0' encoding='utf-8'?>
<gameList>
  <game>
    <path>./Hyperfight.sh</path>
    <name>HYPERFIGHT</name>
    <desc>HYPERFIGHT is a fighting game where every hit is lethal, and every win counts. You'll have to risk your points to gain access to your character's special and super moves, which can turn the tide of the game in a heartbeat. Designed to be easy to pick up and hard to master, so grab a friend, any friend! </desc>
    <image>./hyperfight/cover.png</image>
    <releasedate>20190916T000000</releasedate>
    <developer>joh</developer>
    <publisher>joh</publisher>
    <genre>Fighting</genre>
  </game>
</gameList>
