<?xml version='1.0' encoding='utf-8'?>
<gameList>
  <game>
    <path>./Super Robot Ninja Girl.sh</path>
    <name>Super Robot Ninja Girl</name>
    <desc>Set out on an epic quest to save Japan from an evil yakuza corporation! After the police has utterly failed at doing their job, the only hope for mankind is a mad scientist transforming the president's daughter into a war robot. But, alas! Enemies are already at the gates of Shinjuku Palace Gardens! Fight your way out of the imperial palace and all the way into the heart of Tokyo's red light district where you will encounter the mafioso himself in an intense danmaku battle!</desc>
    <image>./superrobotninjagirl/cover.png</image>
    <releasedate>20210101T000000</releasedate>
    <developer>Yal</developer>
    <publisher>Yal</publisher>
    <genre>Platform</genre>
  </game>
</gameList>
