<?xml version="1.0" encoding="utf-8"?>
<gameList>
  <game>
    <path>./Bunny's Flowers.sh</path>
    <name>Bunny's Flowers</name>
    <desc>Bunny’s Flowers is a cute, wholesome puzzle game about taking a trip to your grandma's house. Overcome box-pushing challenges using your mysterious magical power.</desc>
    <releasedate>20210315T000000</releasedate>
    <developer>zuza</developer>
    <publisher>zuza</publisher>
    <genre>Puzzle</genre>
    <image>./bunnysflowers/screenshot.png</image>
  </game>
</gameList>