<?xml version="1.0" encoding="utf-8"?>
<gameList>
  <game>
    <path>./Drink'n'Drive.sh</path>
    <name>Drink'n'Drive</name>
    <desc>Are you bad enough to drink n drive? 
Feel the danger in this intoxicating retro racer! 
Zigzag your way towards destiny as the captivating story of Biff unfolds. 
Featuring 3 levels with awaiting bosses. </desc>
    <releasedate>20190609T000000</releasedate>
    <developer>turboware</developer>
    <publisher>turboware</publisher>
    <genre>Racing/Arcade</genre>
    <image>./drinkndrive/cover.png</image>
  </game>
</gameList>
