<?xml version='1.0' encoding='utf-8'?>
<gameList>
  <game>
    <path>./OpenTyrian.sh</path>
    <name>Tyrian</name>
    <desc>The game is set in the year 20,031. The player takes on the role of Trent Hawkins, a skilled spaceship pilot. While on the planet Tyrian, a hostile drone shoots his best friend, Buce Quesillac. Before dying Buce warns Trent that the drone belonged to the militaristic MicroSol megacorporation. MicroSol has discovered Gravitium (the game's brand of Unobtainium) on Tyrian and seeks to keep it a secret. Now on MicroSol's hit list, Trent manages to secure a small, armed spacecraft and set out to the free world of Savara.</desc>
    <releasedate>19950610T000000</releasedate>
    <developer>Eclipse Software</developer>
    <publisher>Epic MegaGames</publisher>
    <genre>Shooter</genre>
    <image>./opentyrian/cover.png</image>
  </game>
</gameList>
