<?xml version='1.0' encoding='utf-8'?>
<gameList>
  <game>
    <path>./Xenon Valkyrie.sh</path>
    <name>Project Xenon Valkyrie</name>
    <desc>Xenon Valkyrie is a rogue-like with many RPG elements in which you will have to get to the deepest part of a moon and finish the plans of a wicked witch. You will be able to get many weapons randomly as you fight in a world that is created every time you play.</desc>
    <image>./xenonvalkyrie/cover.png</image>
    <releasedate>20170203T000000</releasedate>
    <developer>Diabolical Mind</developer>
    <publisher>Daniel Fernandez Chavez</publisher>
    <genre>Platform</genre>
  </game>
</gameList>
