<?xml version='1.0' encoding='utf-8'?>
<gameList>
  <game>
    <path>./Clockwind.sh</path>
    <name>Clockwind</name>
    <image>./clockwind/cover.png</image>
    <desc>The mechanic of this game is time travel. Make your way through 4 levels utilizing the passage of time in different ways. This may involve making trees grow or turning a car in to a flying car.</desc>
    <releasedate>20191228T000000</releasedate>
    <developer>alesan99</developer>
    <publisher>alesan99</publisher>
    <genre>Platform</genre>
  </game>
</gameList>
