<?xml version="1.0" encoding="utf-8"?>
<gameList>
  <game>
    <path>./Boneraiser Minions.sh</path>
    <name>Boneraiser Minions</name>
    <desc>Amass an army of deamonic undead to fight endless waves of heroes intent to end your boneraising ways! In this gothic-horror auto-battle roguelite, use the bones of slain heroes to raise your minions, collect powerful relics and spells, and unlock meta upgrades, all to survive King Gigald's crusade!</desc>
    <developer> Caiys</developer>
    <publisher> Caiysware</publisher>
    <genre>Roguelite</genre>
    <image>./boneraiserminions/cover.png</image>
  </game>
</gameList>