<?xml version='1.0' encoding='utf-8'?>
<gameList>
  <game>
    <path>./Iconoclasts.sh</path>
    <name>Iconoclasts</name>
    <desc>Robin just wants to be a mechanic and help people, but without a license she’s a sinner in Mother’s eyes. Ever since picking up her wrench, the world has been going nuts and she's wanted to bolt it back together. Now Penance is raining down on everyone she loves and One Concern agents are after her. 
 
But something big is going on – bigger than droughts of Ivory fuel and personal conflicts – and Robin’s in the thick of it. 
 
Numerous densely detailed locations filled with fine-tuned action and puzzles 
20+ gear-grinding, screen-filling boss battles stand in your way. 
 
Three game-changing difficulty settings supported by a unique tweak system 
A heart-wrenching epic – can one mechanic fix the whole world?</desc>
    <image>./iconoclasts/cover.png</image>
    <releasedate>20180123T000000</releasedate>
    <developer>Konjak</developer>
    <publisher>Bifrost Entertainment</publisher>
    <genre>Platform / Shooter Scrolling-Platform</genre>
  </game>
</gameList>
