<?xml version='1.0' encoding='utf-8'?>
<gameList>
  <game>
    <path>./Pocket Wonder Sport.sh</path>
    <name>Pocket Wonder Sport</name>
    <desc>10 totally not bootleg games in 1 cartridge file! Inspired by weird rom collections on pirate multicarts, but hopefully with a tiny bit more quality.</desc>
    <releasedate>20210311T000000</releasedate>
    <developer>hwilson</developer>
    <publisher>hwilson</publisher>
    <genre>Sport</genre>
    <players>1</players>
    <image>./pocketwondersport/cover.png</image>
  </game>
</gameList>
