<?xml version='1.0' encoding='utf-8'?>
<gameList>
  <game>
    <path>./Hydorah.sh</path>
    <name>Super Hydorah</name>
    <desc>An evil force has launched an invasion over the Omios star. Only you, the most skilled and deadly pilot in the galaxy, can face the dreadful menace of the Meroptians, bio-mechanical creatures set in a ruthless war of conquest. Equip your ship, select a route and fight planet by planet against the hordes of Meroptians! Super Hydorah is a nonlinear horizontal shoot’ em up designed to offer a challenging and memorable experience, sublimating the wisdom and richness of traditional shmup classics. The game has direct action, nostalgic art and a wide variety of unique spatial content and situations. It is hours of intense fun, alone or with your friends, to face the menace of the Meroptians aboard the Delta Lance.</desc>
    <releasedate>20170920T000000</releasedate>
    <developer>Locomalito</developer>
    <publisher>Locomalito</publisher>
    <genre>Shooter</genre>
    <image>./Hydorah/cover.png</image>
  </game>
</gameList>
