<?xml version="1.0" encoding="utf-8"?>
<gameList>
  <game>
    <path>./Bananaguy 2.sh</path>
    <name>Bananaguy 2</name>
    <desc>Bananaguy 2 is about exploring strange and playful worlds collecting \"Power Coins\" along the way which are used to travel to the next world. Each coin features its own wacky little adventure.</desc>
    <developer>Bananamanhatguy</developer>
    <publisher>Bananamanhatguy</publisher>
    <genre>Platformer</genre>
    <image>./bananaguy2/screenshot.jpg</image>
  </game>
</gameList>