<?xml version='1.0' encoding='utf-8'?>
<gameList>
  <game>
    <path>./Neon City Riders.sh</path>
    <name>Neon City Riders</name>
    <desc>Explore a decaying futuristic city in search of items, superpowers and companions to free all the turfs of the evil gangs and unite their people again!</desc>
    <image>./neoncityriders/cover.png</image>
    <releasedate>20200312T000000</releasedate>
    <developer>Mecha Studios</developer>
    <publisher> Bromio, Gamera Games</publisher>
    <genre>RPG</genre>
  </game>
</gameList>
