<?xml version="1.0" encoding="utf-8"?>
<gameList>
  <game>
    <path>./Bananaguy Classic.sh</path>
    <name>Bananaguy Classic</name>
    <desc>Bananaguy wakes up and sees his banana is missing! Make your way through a colorful world filled with hard but fun challenges. Unlock new power ups to make Bananaguys moveset grow! Retrieve your lost banana and consume it in the comfort of your home :D"</desc>
    <developer>Bananamanhatguy</developer>
    <publisher>Bananamanhatguy</publisher>
    <genre>Platformer</genre>
    <image>./bananaguyclassic/screenshot.jpg</image>
  </game>
</gameList>