<?xml version="1.0" encoding="utf-8"?>
<gameList>
  <game>
    <path>./Mable and the Wood.sh</path>
    <name>Mable and the Wood</name>
    <desc>Mable and the Wood is a Metroidvania where you can take the form of the bosses that you kill, changing how you're able to explore the interconnected world. It's also a Metroidvania where you don't have to kill anyone.</desc>
    <releasedate>20190909T000000</releasedate>
    <developer>Triplevision Games</developer>
    <publisher>Graffiti Games</publisher>
    <genre>Adventure-platformer</genre>
    <image>./mableandthewood/screenshot.png</image>
  </game>
</gameList>

