<?xml version="1.0" encoding="utf-8"?>
<gameList>
  <game>
    <path>./If On A Winter's Night, Four Travelers.sh</path>
    <name>If On A Winter's Night, Four Travelers</name>
    <desc>If On A Winter's Night, Four Travelers is a narrative-driven point-and-click adventure that explores the stories of four different characters in a masked ball taking place on a train in the late 1920s.</desc>
    <releasedate>20210921T000000</releasedate>
    <developer> Dead Idle Games</developer>
    <genre>Narrative Adventure</genre>
    <image>./ioawn4t/cover.png</image>
  </game>
</gameList>