<?xml version='1.0' encoding='utf-8'?>
<gameList>
  <game>
    <path>./Owlboy.sh</path>
    <name>Owlboy</name>
    <desc>The player controls Otus, who is capable of flying and carrying objects during flight. These objects vary in use, but are mainly used as ranged weapons, thrown weapons, and puzzle-solving tools. As the game progresses, Otus gains allies that accompany him during his journey, each having their own weapon with exclusive properties.</desc>
    <image>./owlboy/cover.png</image>
    <releasedate>20161111T000000</releasedate>
    <developer>D-Pad Studio</developer>
  </game>
</gameList>
