<?xml version='1.0' encoding='utf-8'?>
<gameList>
  <game>
    <path>./Chip n Dale.sh</path>
    <name>Chip 'N Dale Rescue Rangers - Remastered</name>
    <desc>Disney's Chip 'n Dale Rescue Rangers: Remastered - A re-release of a game based on the animated series Chip and Dale rush to the rescue. The walkthrough offers single-player and two-player co-op. Taking control of the main character, the player begins a rescue mission. Need to locate a lost kitten. As the operation progresses, the central characters are drawn into more serious trouble and intrigue.</desc>
    <image>./chipndale/cover.png</image>
    <releasedate>20150310T000000</releasedate>
    <developer>RR16 Studio</developer>
    <publisher>RR16 Studio</publisher>
    <genre>Platform</genre>
  </game>
</gameList>
