<?xml version='1.0' encoding='utf-8'?>
<gameList>
  <game>
    <path>./GNU Robbo.sh</path>
    <name>GNU Robbo</name>
    <desc>Robbo is a puzzle video game designed by Janusz Pelc and published by LK Avalon in 1989 for the Atari 8-bit family. A success on the Polish domestic market, it was later ported to other computer platforms and released in the United States as The Adventures of Robbo.</desc>
    <releasedate>20020927T000000</releasedate>
    <developer>Janusz Pelc</developer>
    <publisher>LK Avalon</publisher>
    <genre>Puzzle</genre>
    <image>./gnurobbo/cover.png</image>
  </game>
</gameList>
