<?xml version='1.0' encoding='utf-8'?>
<gameList>
  <game>
    <path>./Siege of Osaka.sh</path>
    <name>Siege of Osaka</name>
    <desc>SIEGE OF OSAKA is a retro hybrid of Beat-em-up and Brick Breaker. Send enemy ninja rolling into walls and fortifications to bring down their castles. Localized/parodied for American audiences.</desc>
    <releasedate>20220829T000000</releasedate>
    <developer>hwilson</developer>
    <publisher>hwilson</publisher>
    <genre>Arcade</genre>
    <image>./siegeofosaka/cover.png</image>
  </game>
</gameList>
